[{"currency":"USD","rate":1.1834},{"currency":"JPY","rate":129.95},{"currency":"BGN","rate":1.9558},{"currency":"CZK","rate":25.523},{"currency":"DKK","rate":7.436},{"currency":"GBP","rate":0.85875},{"currency":"HUF","rate":348.8},{"currency":"PLN","rate":4.5296},{"currency":"RON","rate":4.9359},{"currency":"SEK","rate":10.1625},{"currency":"CHF","rate":1.0799},{"currency":"ISK","rate":149.6},{"currency":"NOK","rate":10.26},{"currency":"HRK","rate":7.49},{"currency":"RUB","rate":86.76},{"currency":"TRY","rate":9.831},{"currency":"AUD","rate":1.6156},{"currency":"BRL","rate":6.1386},{"currency":"CAD","rate":1.4896},{"currency":"CNY","rate":7.6465},{"currency":"HKD","rate":9.2086},{"currency":"IDR","rate":16879.69},{"currency":"ILS","rate":3.7951},{"currency":"INR","rate":86.385},{"currency":"KRW","rate":1370.03},{"currency":"MXN","rate":23.7864},{"currency":"MYR","rate":4.9194},{"currency":"NZD","rate":1.676},{"currency":"PHP","rate":58.765},{"currency":"SGD","rate":1.5897},{"currency":"THB","rate":38.129},{"currency":"ZAR","rate":17.2282}]